Date,Close/Last,Volume,Open,High,Low
2024-10-21,236.48,36254470,$234.45,$236.85,$234.45
2024-10-22,235.86,38846580,$233.885,$236.22,$232.60
2024-10-23,230.76,52286980,$234.08,$235.144,$227.76
2024-10-24,230.57,31109500,$229.98,$230.82,$228.41
2024-10-25,231.41,38802300,$229.74,$233.22,$229.57
2024-10-28,233.4,36087130,$233.32,$234.73,$232.55
2024-10-29,233.67,35417250,$233.10,$234.325,$232.32
2024-10-30,230.1,47070910,$232.61,$233.47,$229.55
2024-10-31,225.91,64370090,$229.34,$229.83,$225.37
2024-11-01,222.91,65276740,$220.965,$225.35,$220.27
2024-11-04,222.01,44944470,$220.99,$222.79,$219.71
2024-11-05,223.45,28111340,$221.795,$223.95,$221.14
2024-11-06,222.72,54561120,$222.61,$226.065,$221.19
2024-11-07,227.48,42137690,$224.625,$227.875,$224.57
2024-11-08,226.96,38328820,$227.17,$228.66,$226.405
2024-11-11,224.23,42005600,$225.00,$225.70,$221.50
2024-11-12,224.23,40398300,$224.55,$225.59,$223.355
2024-11-13,225.12,48566220,$224.01,$226.65,$222.76
2024-11-14,228.22,44923940,$225.02,$228.87,$225.00
2024-11-15,225.0,47923700,$226.40,$226.92,$224.27
2024-11-18,228.02,44686020,$225.25,$229.74,$225.17
2024-11-19,228.28,36211770,$226.98,$230.16,$226.66
2024-11-20,229.0,35169570,$228.06,$229.93,$225.89
2024-11-21,228.52,42108330,$228.88,$230.155,$225.7103
2024-11-22,229.87,38168250,$228.06,$230.7199,$228.06
2024-11-25,232.87,90152830,$231.46,$233.245,$229.74
2024-11-26,235.06,45986190,$233.33,$235.57,$233.33
2024-11-27,234.93,33498440,$234.465,$235.69,$233.8101
2024-11-29,237.33,28481380,$234.805,$237.81,$233.97
2024-12-02,239.59,48137100,$237.27,$240.79,$237.16
2024-12-03,242.65,38861020,$239.81,$242.76,$238.90
2024-12-04,243.01,44383940,$242.87,$244.11,$241.25
2024-12-05,243.04,40033880,$243.99,$244.54,$242.13
2024-12-06,242.84,36870620,$242.905,$244.63,$242.08
2024-12-09,246.75,44649230,$241.83,$247.24,$241.75
2024-12-10,247.77,36914810,$246.89,$248.21,$245.34
2024-12-11,246.49,45205810,$247.96,$250.80,$246.2601
2024-12-12,247.96,32777530,$246.89,$248.74,$245.68
2024-12-13,248.13,33155290,$247.815,$249.2902,$246.24
2024-12-16,251.04,51694750,$247.99,$251.38,$247.65
2024-12-17,253.48,51356360,$250.08,$253.83,$249.78
2024-12-18,248.05,56774100,$252.16,$254.28,$247.74
2024-12-19,249.79,60882260,$247.50,$252.00,$247.0949
2024-12-20,254.49,147495300,$248.04,$255.00,$245.69
2024-12-23,255.27,40858770,$254.77,$255.65,$253.45
2024-12-24,258.2,23234710,$255.49,$258.21,$255.29
2024-12-26,259.02,27262980,$258.19,$260.10,$257.63
2024-12-27,255.59,42355320,$257.83,$258.70,$253.06
2024-12-30,252.2,35557540,$252.23,$253.50,$250.75
2024-12-31,250.42,39480720,$252.44,$253.28,$249.43
2025-01-02,243.85,55740730,$248.93,$249.10,$241.8201
2025-01-03,243.36,40244110,$243.36,$244.18,$241.89
2025-01-06,245.0,45045570,$244.31,$247.33,$243.20
2025-01-07,242.21,40855960,$242.98,$245.55,$241.35
2025-01-08,242.7,37628940,$241.92,$243.7123,$240.05
2025-01-10,236.85,61710860,$240.01,$240.16,$233.00
2025-01-13,234.4,49630730,$233.53,$234.67,$229.72
2025-01-14,233.28,39435290,$234.75,$236.12,$232.472
2025-01-15,237.87,39831970,$234.635,$238.96,$234.43
2025-01-16,228.26,71759050,$237.35,$238.01,$228.03
2025-01-17,229.98,68488300,$232.115,$232.29,$228.48
2025-01-21,222.64,98070430,$224.00,$224.42,$219.38
2025-01-22,223.83,64126500,$219.79,$224.12,$219.79
2025-01-23,223.66,60234760,$224.74,$227.03,$222.30
2025-01-24,222.78,54697910,$224.78,$225.63,$221.41
2025-01-27,229.86,94863420,$224.02,$232.15,$223.98
2025-01-28,238.26,75707570,$230.85,$240.19,$230.81
2025-01-29,239.36,45486100,$234.12,$239.855,$234.01
2025-01-30,237.59,55658280,$238.665,$240.79,$237.21
2025-01-31,236.0,101075100,$247.19,$247.19,$233.44
2025-02-03,228.01,73063300,$229.99,$231.83,$225.70
2025-02-04,232.8,45067300,$227.25,$233.13,$226.65
2025-02-05,232.47,39664990,$228.53,$232.67,$228.27
2025-02-06,233.22,29925350,$231.285,$233.80,$230.425
2025-02-07,227.63,39707220,$232.60,$234.00,$227.26
2025-02-10,227.65,33115650,$229.57,$230.585,$227.20
2025-02-11,232.62,53718360,$228.20,$235.23,$228.13
2025-02-12,236.87,45243290,$231.20,$236.96,$230.68
2025-02-13,241.53,53614050,$236.91,$242.3399,$235.57
2025-02-14,244.6,40896230,$241.25,$245.55,$240.99
2025-02-18,244.47,48822490,$244.15,$245.18,$241.84
2025-02-19,244.87,32204220,$244.66,$246.01,$243.1604
2025-02-20,245.83,32316910,$244.94,$246.78,$244.29
2025-02-21,245.55,53197430,$245.95,$248.69,$245.22
2025-02-24,247.1,51326400,$244.925,$248.86,$244.42
2025-02-25,247.04,48013270,$248.00,$250.00,$244.91
2025-02-26,240.36,44433560,$244.33,$244.98,$239.13
2025-02-27,237.3,41153640,$239.41,$242.46,$237.06
2025-02-28,241.84,56833360,$236.95,$242.09,$230.20
2025-03-03,238.03,47183990,$241.79,$244.0272,$236.112
2025-03-04,235.93,53798060,$237.705,$240.07,$234.68
2025-03-05,235.74,47227640,$235.42,$236.55,$229.23
2025-03-06,235.33,45170420,$234.435,$237.86,$233.1581
2025-03-07,239.07,46273570,$235.105,$241.37,$234.76
2025-03-10,227.48,72071200,$235.54,$236.16,$224.22
2025-03-11,220.84,76137410,$223.805,$225.8399,$217.45
2025-03-12,216.98,62547470,$220.14,$221.75,$214.91
2025-03-13,209.68,61368330,$215.95,$216.8394,$208.42
2025-03-14,213.49,60107580,$211.25,$213.95,$209.58
2025-03-17,214.0,48073430,$213.31,$215.22,$209.97
2025-03-18,212.69,42432430,$214.16,$215.15,$211.49
2025-03-19,215.24,54385390,$214.22,$218.76,$213.75
2025-03-20,214.1,48862950,$213.99,$217.4899,$212.22
2025-03-21,218.27,94127770,$211.56,$218.84,$211.28
2025-03-24,220.73,44299480,$221.00,$221.48,$218.58
2025-03-25,223.75,34493580,$220.77,$224.10,$220.08
2025-03-26,221.53,34532660,$223.51,$225.02,$220.47
2025-03-27,223.85,37094770,$221.39,$224.99,$220.5601
2025-03-28,217.9,39818620,$221.67,$223.81,$217.68
2025-03-31,222.13,65299320,$217.005,$225.62,$216.23
2025-04-01,223.19,36412740,$219.805,$223.68,$218.90
2025-04-02,223.89,35905900,$221.315,$225.19,$221.02
2025-04-03,203.19,103419000,$205.54,$207.49,$201.25
2025-04-04,188.38,125910900,$193.89,$199.88,$187.34
2025-04-07,181.46,160466300,$177.20,$194.15,$174.62
2025-04-08,172.42,120859500,$186.70,$190.335,$169.2101
2025-04-09,198.85,184395900,$171.95,$200.61,$171.89
2025-04-10,190.42,121880000,$189.065,$194.7799,$183.00
2025-04-11,198.15,87435920,$186.10,$199.54,$186.06
2025-04-14,202.52,101352900,$211.44,$212.94,$201.1621
2025-04-15,202.14,51343870,$201.855,$203.51,$199.80
2025-04-16,194.27,59732420,$198.36,$200.70,$192.37
2025-04-17,196.98,52164680,$197.20,$198.8335,$194.42
2025-04-21,193.16,46742540,$193.265,$193.80,$189.8112
2025-04-22,199.74,52976370,$196.12,$201.59,$195.97
2025-04-23,204.6,52929170,$206.00,$208.00,$202.799
2025-04-24,208.37,47310990,$204.89,$208.8299,$202.94
2025-04-25,209.28,38222260,$206.365,$209.75,$206.20
2025-04-28,210.14,38743070,$210.00,$211.50,$207.46
2025-04-29,211.21,36827630,$208.693,$212.24,$208.37
2025-04-30,212.5,52286450,$209.30,$213.58,$206.6705
2025-05-01,213.32,57365680,$209.08,$214.56,$208.90
2025-05-02,205.35,101010600,$206.09,$206.99,$202.16
2025-05-05,198.89,69018450,$203.10,$204.10,$198.21
2025-05-06,198.51,51216480,$198.21,$200.65,$197.02
2025-05-07,196.25,68616940,$199.17,$199.44,$193.25
2025-05-08,197.49,50478870,$197.72,$200.05,$194.6796
2025-05-09,198.53,36453920,$199.00,$200.5399,$197.535
2025-05-12,210.79,63775810,$210.97,$211.2679,$206.75
2025-05-13,212.93,51909330,$210.43,$213.40,$209.00
2025-05-14,212.33,49325830,$212.43,$213.94,$210.5801
2025-05-15,211.45,45029470,$210.95,$212.96,$209.54
2025-05-16,211.26,54737850,$212.36,$212.57,$209.77
2025-05-19,208.78,46140530,$207.91,$209.48,$204.26
2025-05-20,206.86,42496640,$207.67,$208.47,$205.03
2025-05-21,202.09,59211770,$205.17,$207.04,$200.71
2025-05-22,201.36,46742410,$200.71,$202.75,$199.70
2025-05-23,195.27,78432920,$193.665,$197.70,$193.46
2025-05-27,200.21,56288480,$198.30,$200.74,$197.43
2025-05-28,200.42,45339680,$200.59,$202.73,$199.90
2025-05-29,199.95,51477940,$203.575,$203.81,$198.51
2025-05-30,200.85,70819940,$199.37,$201.96,$196.78
2025-06-02,201.7,35423290,$200.28,$202.13,$200.12
2025-06-03,203.27,46381570,$201.35,$203.77,$200.955
2025-06-04,202.82,43603990,$202.91,$206.24,$202.10
2025-06-05,200.63,55221240,$203.50,$204.75,$200.15
2025-06-06,203.92,46607690,$203.00,$205.70,$202.05
2025-06-09,201.45,72862560,$204.39,$206.00,$200.02
2025-06-10,202.67,54672610,$200.60,$204.35,$200.57
2025-06-11,198.78,60989860,$203.50,$204.50,$198.41
2025-06-12,199.2,43904640,$199.08,$199.68,$197.3601
2025-06-13,196.45,51447350,$199.73,$200.37,$195.70
2025-06-16,198.42,43020690,$197.30,$198.685,$196.5636
2025-06-17,195.64,38856150,$197.20,$198.39,$195.21
2025-06-18,196.58,45394690,$195.94,$197.57,$195.07
2025-06-20,201.0,96813540,$198.235,$201.70,$196.855
2025-06-23,201.5,55814270,$201.625,$202.30,$198.96
2025-06-24,200.3,54064030,$202.59,$203.44,$200.20
2025-06-25,201.56,39525730,$201.45,$203.67,$200.6201
2025-06-26,201.0,50799120,$201.43,$202.64,$199.46
2025-06-27,201.08,73188570,$201.89,$203.22,$200.00
2025-06-30,205.17,91912820,$202.01,$207.39,$199.2607
2025-07-01,207.82,78788870,$206.665,$210.1865,$206.1401
2025-07-02,212.44,67941810,$208.91,$213.34,$208.14
2025-07-03,213.55,34955840,$212.145,$214.65,$211.8101
2025-07-07,209.95,50228980,$212.68,$216.23,$208.80
2025-07-08,210.01,42848930,$210.10,$211.43,$208.45
2025-07-09,211.14,48749370,$209.53,$211.33,$207.22
2025-07-10,212.41,44443640,$210.505,$213.48,$210.03
2025-07-11,211.16,39765810,$210.565,$212.13,$209.86
2025-07-14,208.62,38840110,$209.925,$210.91,$207.54
2025-07-15,209.11,42296340,$209.22,$211.89,$208.92
2025-07-16,210.16,47490530,$210.295,$212.40,$208.64
2025-07-17,210.02,48068140,$210.57,$211.80,$209.59
2025-07-18,211.18,48974590,$210.87,$211.79,$209.7045
2025-07-21,212.48,51377430,$212.10,$215.78,$211.63
2025-07-22,214.4,46404070,$213.14,$214.95,$212.2301
2025-07-23,214.15,46989300,$215.00,$215.15,$212.41
2025-07-24,213.76,46022620,$213.90,$215.69,$213.53
2025-07-25,213.88,40268780,$214.70,$215.24,$213.40
2025-07-28,214.05,37858020,$214.03,$214.845,$213.06
2025-07-29,211.27,51411720,$214.175,$214.81,$210.82
2025-07-30,209.05,45512510,$211.895,$212.39,$207.72
2025-07-31,207.57,80698430,$208.49,$209.84,$207.16
2025-08-01,202.38,104434500,$210.865,$213.58,$201.50
2025-08-04,203.35,75109300,$204.505,$207.88,$201.675
2025-08-05,202.92,44155080,$203.40,$205.34,$202.16
2025-08-06,213.25,108483100,$205.63,$215.38,$205.59
2025-08-07,220.03,90224830,$218.875,$220.85,$216.58
2025-08-08,229.35,113854000,$220.83,$231.00,$219.25
2025-08-11,227.18,61806130,$227.92,$229.56,$224.76
2025-08-12,229.65,55672300,$228.005,$230.80,$227.07
2025-08-13,233.33,69878550,$231.07,$235.00,$230.43
2025-08-14,232.78,51916280,$234.055,$235.12,$230.85
2025-08-15,231.59,56038660,$234.00,$234.28,$229.335
2025-08-18,230.89,37476190,$231.70,$233.12,$230.11
2025-08-19,230.56,39402560,$231.275,$232.87,$229.35
2025-08-20,226.01,42263870,$229.98,$230.47,$225.77
2025-08-21,224.9,30621250,$226.27,$226.52,$223.7804
2025-08-22,227.76,42477810,$226.17,$229.09,$225.41
2025-08-25,227.16,30983130,$226.48,$229.30,$226.23
2025-08-26,229.31,54575110,$226.87,$229.49,$224.69
2025-08-27,230.49,31259510,$228.61,$230.90,$228.26
2025-08-28,232.56,38074700,$230.82,$233.41,$229.335
2025-08-29,232.14,39418440,$232.51,$233.38,$231.37
2025-09-02,229.72,44075640,$229.25,$230.85,$226.97
2025-09-03,238.47,66427840,$237.21,$238.85,$234.36
2025-09-04,239.78,47549430,$238.45,$239.8999,$236.74
2025-09-05,239.69,54870400,$239.995,$241.32,$238.4901
2025-09-08,237.88,48999500,$239.30,$240.15,$236.34
2025-09-09,234.35,66313920,$237.00,$238.7805,$233.36
2025-09-10,226.79,83440810,$232.185,$232.42,$225.95
2025-09-11,230.03,50208580,$226.875,$230.45,$226.65
2025-09-12,234.07,55824220,$229.22,$234.51,$229.02
2025-09-15,236.7,42699520,$237.00,$238.19,$235.03
2025-09-16,238.15,63421100,$237.175,$241.22,$236.3235
2025-09-17,238.99,46508020,$238.97,$240.10,$237.7301
2025-09-18,237.88,44249580,$239.97,$241.20,$236.65
2025-09-19,245.5,163741300,$241.225,$246.30,$240.2106
2025-09-22,256.08,105517400,$248.30,$256.64,$248.12
2025-09-23,254.43,60275190,$255.875,$257.34,$253.58
2025-09-24,252.31,42303710,$255.22,$255.74,$251.04
2025-09-25,256.87,55202080,$253.205,$257.17,$251.712
2025-09-26,255.46,46076260,$254.095,$257.60,$253.78
2025-09-29,254.43,40127690,$254.56,$255.00,$253.01
2025-09-30,254.63,37704260,$254.855,$255.919,$253.11
2025-10-01,255.45,48713940,$255.04,$258.79,$254.93
2025-10-02,257.13,42630240,$256.575,$258.18,$254.15
2025-10-03,258.02,49155610,$254.665,$259.24,$253.95
2025-10-06,256.69,44664120,$257.99,$259.07,$255.05
2025-10-07,256.48,31955780,$256.805,$257.40,$255.43
2025-10-08,258.06,36496900,$256.52,$258.52,$256.11
2025-10-09,254.04,38322010,$257.805,$258.00,$253.14
2025-10-10,245.27,61999100,$254.94,$256.38,$244.00
2025-10-13,247.66,38142940,$249.38,$249.69,$245.56
2025-10-14,247.77,35477990,$246.60,$248.845,$244.70
2025-10-15,249.34,33893610,$249.485,$251.82,$247.47
2025-10-16,247.45,39776970,$248.25,$249.04,$245.13
2025-10-17,252.29,49146960,$248.02,$253.38,$247.27
